,Unnamed: 0,killed_by,killer_name,killer_placement,killer_position_x,killer_position_y,map,match_id,time,victim_name,victim_placement,victim_position_x,victim_position_y,winner,rating_group
34,2245,Grenade,Deathfox7,1.0,420805.4,609274.9,ERANGEL,2U4GBNA0YmlcJd06MAp1d4Q7M5Yy4PYrahIr2JBT9uhhXk6gHSEcIBPisz7z3coU,1916.0,EagleSS670,2.0,421356.8,606756.1,True,1
44,4972,SCAR-L,PoisonMDT,1.0,281820.9,558720.3,ERANGEL,2U4GBNA0YmkouKU7rw6brk7uZamG1dICaLOLV9MMRULojV9v1Y0ApEjG8568AzL-,1679.0,West7cm,2.0,281676.9,557615.6,True,1
45,1578,Bluezone,,,,,ERANGEL,2U4GBNA0YmloUGIumcTO14gr8rgZVexJO_xpcOj0xMlmhrLlJjOYL4g75Nlf53Hw,1962.0,yamahukin,2.0,243426.2,485718.0,True,1
94,284,SCAR-L,Illmy0111,1.0,180234.1,512721.8,ERANGEL,2U4GBNA0YmlxiifTmjHuCGJhLNLL-lhlH9TQh47o-9IZVJIlJDQJmYN2YbSU2_Bx,1854.0,Driftings,2.0,181216.5,513549.2,True,1
147,2495,Down and Out,HiImFrank,1.0,282233.7,475338.4,ERANGEL,2U4GBNA0Yml5t9opndGwDeKjNoARfVrCVQIWxSji9WqktJfXvvA7eZryQpYWuuxM,1824.0,GaryKAI,2.0,271661.3,484678.6,True,1
266,4988,SCAR-L,PoisonMDT,1.0,280472.3,559749.4,ERANGEL,2U4GBNA0YmkouKU7rw6brk7uZamG1dICaLOLV9MMRULojV9v1Y0ApEjG8568AzL-,1783.0,ZXJ5216,2.0,280211.1,559646.4,True,1
282,1092,Down and Out,Toronto_Edision,1.0,320935.6,510978.1,ERANGEL,2U4GBNA0YmnmvI29GR080nJ5U4oZyrJ2kJqz7BeQrwDdx68BbncOZ_5DnysRn2Ca,1767.0,EncoreOnceMore,2.0,318386.9,511889.4,True,1
307,1905,Kar98k,Blesstfup,1.0,658955.3,471802.2,ERANGEL,2U4GBNA0Ymmj5ChhNizFBQNzal-aacFtZr3MhwiNw8qBDJBRobgDHZqOnyiohGR6,1678.0,Aeloh98k,2.0,649633.9,460224.8,True,1
344,1369,M416,iSuK12,1.0,142606.4,452039.6,ERANGEL,2U4GBNA0YmnIQQesqcucTHDFVqlXEAUiUHhJp3yec6c0hzQHABUNJuJZ21mrZjZn,1967.0,IB_E46M,2.0,144006.2,449925.6,True,1
355,4114,Down and Out,Ares_Wang12333,1.0,477963.6,371242.4,ERANGEL,2U4GBNA0Ymkftyau6Av9xdA4QmGtUC3doKzOLyUp5wwLSkyaC0eJXtC9uBl7Mzmx,1700.0,Vashx,2.0,493186.1,384427.5,True,1
375,1847,Down and Out,Blesstfup,1.0,661589.5,465149.0,ERANGEL,2U4GBNA0Ymmj5ChhNizFBQNzal-aacFtZr3MhwiNw8qBDJBRobgDHZqOnyiohGR6,1955.0,UrbanSnake,2.0,658512.8,461169.9,True,1
389,2503,Kar98k,Mr--666,1.0,279281.6,475944.5,ERANGEL,2U4GBNA0Yml5t9opndGwDeKjNoARfVrCVQIWxSji9WqktJfXvvA7eZryQpYWuuxM,1798.0,17jigeni17,2.0,271677.0,484179.1,True,1
391,6468,AKM,soieowl,1.0,276149.4,253948.6,ERANGEL,2U4GBNA0YmlMqUy26Nx8Rmm3UjhNVwg6rFwjs4FGnjp83bGmwSELWoDpqkrt6FPZ,1877.0,NirvashEnd,2.0,274127.3,254196.3,True,1
397,1858,DP-28,MysterE,1.0,664297.3,465228.6,ERANGEL,2U4GBNA0Ymmj5ChhNizFBQNzal-aacFtZr3MhwiNw8qBDJBRobgDHZqOnyiohGR6,1955.0,BYCBOT,2.0,659327.7,460044.7,True,1
465,3903,Down and Out,C-de-ti-0315,1.0,311553.8,134601.1,ERANGEL,2U4GBNA0YmkDstXLYHK5B7Jq1QzLWJ-HeVx4TzVSkV3lpPTNiKcc1WXBp3-XkQZp,1751.0,Gilleydakidd,2.0,318635.6,129119.3,True,1
499,5166,AKM,wushenfa,22.0,524908.4,250843.6,ERANGEL,2U4GBNA0YmnuJ2AtZa4s3YxcAHVDtQbra_TjEHEAjHBRpwb8-A_bhsdG5kFCzvK_,223.0,WuLiu5566,2.0,524831.6,250908.5,True,1
505,5230,AKM,Zhang-Ze-Sen,1.0,622377.3,396012.0,ERANGEL,2U4GBNA0Yml20grMM4GD62e8xWDcMhw91ITl2fbDm2AIPx37-WAHyGXsHqsEJgmU,1797.0,Critshappen,2.0,628413.2,399004.2,True,1
579,560,Down and Out,Teajohn,1.0,391571.3,654292.6,ERANGEL,2U4GBNA0YmnL2IDzaNwyjj2JugGFn9rAVCHGV0UvWrWIovQDXsbi9jslN0alnHjy,1824.0,Chubby_Cox,2.0,403164.2,645289.1,True,1
604,7005,M16A4,A300_Sunglasses,1.0,507395.5,258317.8,MIRAMAR,2U4GBNA0Ymk1Jt6GjNIWPblco_2J6IKXz_yq5seSwKYZDaeFd2S90A1rG-cBWFKe,1805.0,shoter_jerry,2.0,513283.3,251015.7,True,1
613,6361,Bluezone,Im-Gnaes,1.0,647949.7,376035.9,ERANGEL,2U4GBNA0YmmNda7rFfvn-ZVSnpD4e14wBCKCdD6h2Pr5-Au61Oj4yf48-LIn2XhA,1872.0,retingjj,2.0,648737.5,370807.3,True,1
670,5015,M416,fengxifengxu,1.0,283205.8,558022.4,ERANGEL,2U4GBNA0YmkouKU7rw6brk7uZamG1dICaLOLV9MMRULojV9v1Y0ApEjG8568AzL-,1795.0,ALEXLN,2.0,282070.1,556785.6,True,1
683,1506,Down and Out,,,,,ERANGEL,2U4GBNA0YmltdlEYw5AmXmDdUW5i2vyhBrlQeNFBgmYyzDpsc787A_hENiNlx6I5,1519.0,WQEDDDFAS,2.0,145298.9,388038.3,True,1
783,3521,M416,Arvinbey,1.0,501603.1,648154.9,ERANGEL,2U4GBNA0YmmyNWABCuuEotdFnf2pYAu3C5f-JJ9Qv-UyQVaC43ykt3LYzYU6W2Et,1885.0,HKCon_Dom001,2.0,505921.5,643210.9,True,1
824,6978,Down and Out,qingqingkings,6.0,642642.7,241914.0,MIRAMAR,2U4GBNA0Ymk1Jt6GjNIWPblco_2J6IKXz_yq5seSwKYZDaeFd2S90A1rG-cBWFKe,443.0,Rainyushen,2.0,641669.9,241026.2,True,1
825,2748,Down and Out,Clanwolf,1.0,420308.8,466143.6,ERANGEL,2U4GBNA0Ymk7iBtHUx6-_dZyjrvKVPMSmiZKzhovvtZ6clOi9vMdQGJIxPEv4HO6,1874.0,XEN0-,2.0,424453.3,468719.1,True,1
872,3164,Bluezone,,,,,ERANGEL,2U4GBNA0Ymm_5InGu4XxmbWrPJjpsdwDKldtKteYWNAiZwf0kk_eKg6SGWDmiikq,1956.0,KRONIK-_-SMOKE,2.0,467370.9,318057.3,True,1
922,4126,M24,Tinerg,1.0,478088.8,374761.3,ERANGEL,2U4GBNA0Ymkftyau6Av9xdA4QmGtUC3doKzOLyUp5wwLSkyaC0eJXtC9uBl7Mzmx,1751.0,Lust676,2.0,480544.6,380894.9,True,1
947,3334,M416,INLine11,1.0,382188.7,652423.5,ERANGEL,2U4GBNA0YmkbaxRIRrLkucLQeELe8PYIRW3ZTi14fb52Wekl7vpPELmehRhsccYG,1789.0,Gaooninja,2.0,372918.1,647580.1,True,1
948,5914,Grenade,DeLei-H,3.0,0.0,0.0,ERANGEL,2U4GBNA0YmmB9L7Ft8k_V5zo5bx1lULaksuMig43hz2WiJI2Srn46w8mB0cNMeSJ,1847.0,Mafia_Dipp,2.0,583839.1,636956.6,True,1
1019,4329,S12K,chouge258,19.0,441785.5,338943.1,ERANGEL,2U4GBNA0Yml_5G8Drb2z19mFJ0XQ3w6WRVVg1eKkzSZTmta36z3rTTyDNxT3C_WU,307.0,Leonanan,2.0,441807.9,338716.3,True,1
1082,3247,Down and Out,masteryifan,1.0,643484.6,185718.3,ERANGEL,2U4GBNA0YmlsmhWI_uk1n90_H682IZo6muWLdaUTCs05xIT-j7x0Uqea8n6G4q4i,1838.0,ImmortalLx,2.0,647600.4,180786.7,True,1
1106,1106,Down and Out,Toronto_JackMa,1.0,324418.0,514533.8,ERANGEL,2U4GBNA0YmnmvI29GR080nJ5U4oZyrJ2kJqz7BeQrwDdx68BbncOZ_5DnysRn2Ca,1767.0,sortiedog,2.0,322706.4,514567.9,True,1
1137,2609,Bluezone,frekinbish,6.0,559421.0,246888.7,ERANGEL,2U4GBNA0YmlrMGbGieGLnoMfRvnSTMDi_db1WhYrVEfERMho7tIvimp3SZVIvxft,1659.0,Clincher07,2.0,559107.3,248068.0,True,1
1151,1083,Down and Out,tanyangwudi,1.0,486249.4,601901.4,ERANGEL,2U4GBNA0Ymkoxr2BYKn-rNaRztbwuI_vg9q1ls65L42rey10uL1Qw2gSP72IZPMk,1735.0,SSS109,2.0,490525.7,593473.2,True,1
1157,4269,M416,LZHAWSS,1.0,550471.0,574369.7,ERANGEL,2U4GBNA0Ymllc_6Eh-c0jqGSW3HCKj_KixPEGv3zEg-XsZyUhbwtCWd6i-fPN7ag,1818.0,baizhen,2.0,549723.6,574352.4,True,1
1224,800,Punch,KUAILEDEWO,4.0,670456.7,450605.3,ERANGEL,2U4GBNA0YmmEUK5MTLyr6AfVvoPX1txbeD-jND4VXYtMmoXuatMBzW67F6i6TzwI,172.0,WBWLZ-zd,2.0,670387.6,450565.1,True,1
1230,3956,SCAR-L,Fengsir0302,12.0,398068.5,473197.2,ERANGEL,2U4GBNA0YmnnTkwTvduuDTvxNFqqQQfOkAdwyDSBGA2B0OZqDWkOL5hIt84vmDgN,1363.0,Van_WYZ,2.0,385389.3,493382.9,True,1
1306,6922,M416,Sz32,1.0,538958.1,236100.4,ERANGEL,2U4GBNA0YmmIxbJL37qDrRDRIz-J5zFYcAFZi9szltH9Eg0-FNv_70KrOtW4aMxD,2058.0,MM-Survive,2.0,537958.7,235563.7,True,1
1346,2350,Bluezone,,,,,ERANGEL,2U4GBNA0Ymm4vcRsQ1DQDPbaiK6c_0jM8aQ2SVRHMnNGFJdPGXOzGl0hAn45hkMK,2184.0,cuipeng020,2.0,149604.5,596589.4,True,1
1459,1954,Tommy Gun,SG_ong,1.0,388458.9,278587.2,ERANGEL,2U4GBNA0YmkJt4dyUUT94MOYESuKm2MQu1eh08EFdbeeGClsVzdp38FeLRv2PSVm,121.0,T-I-C_88,2.0,388623.7,278671.7,True,1
1469,1114,Down and Out,Toronto_Edision,1.0,318993.6,510673.3,ERANGEL,2U4GBNA0YmnmvI29GR080nJ5U4oZyrJ2kJqz7BeQrwDdx68BbncOZ_5DnysRn2Ca,1762.0,YUNGNIGE,2.0,317324.4,511276.0,True,1
1481,6673,SCAR-L,Swenka,1.0,212461.4,463426.3,ERANGEL,2U4GBNA0YmmJfFpXZ-QZQs8br_sVYD6XGe3CDoGgnAM66kAufAzFoILJ0LgfQMq0,1896.0,lolFranco,2.0,211041.5,464095.7,True,1
1572,3086,S1897,Pig_Pig_Peng,20.0,442662.1,337533.2,ERANGEL,2U4GBNA0YmldsmcWI8PBcmvfdJUtUv9LuMt1MAUqG9aDvVtzvPIGelkR4_3xjGY3,168.0,MazTF,2.0,443185.3,337418.9,True,1
1650,2542,Mini 14,HHHHHHYYYYYY,1.0,281973.1,471418.5,ERANGEL,2U4GBNA0Yml5t9opndGwDeKjNoARfVrCVQIWxSji9WqktJfXvvA7eZryQpYWuuxM,1761.0,LOVEyueyuer,2.0,271490.2,483905.9,True,1
1670,654,SCAR-L,ConnorDaWhiteBoy,1.0,693733.8,257157.9,ERANGEL,2U4GBNA0YmnZDcOwRYKzxWhbr5Jaxxjhp0cRvsI40iOQJdZyGBJb_mcf0ZjzNRGD,1827.0,Tazmily,2.0,685945.6,259235.2,True,1
1674,760,UMP9,BurgeonYe,1.0,241448.6,452060.4,ERANGEL,2U4GBNA0YmmEUK5MTLyr6AfVvoPX1txbeD-jND4VXYtMmoXuatMBzW67F6i6TzwI,1964.0,K0Drew,2.0,240636.5,451895.6,True,1
1685,1946,Down and Out,RX-JIANG,1.0,395072.9,135601.3,ERANGEL,2U4GBNA0YmkJt4dyUUT94MOYESuKm2MQu1eh08EFdbeeGClsVzdp38FeLRv2PSVm,1795.0,SeththeRipper,2.0,406248.1,138302.7,True,1
1757,2651,Vector,PizzaPaulMiller,11.0,553264.4,285182.4,ERANGEL,2U4GBNA0Ymn4K68JYbLzcXh5S2aPoQe1oJzDsd_lyNUfRddt9kkCPLgme76kr_A9,1347.0,Booper312,2.0,553014.4,285105.3,True,1
1798,2910,M416,Battlefield-4,1.0,475007.6,467566.9,MIRAMAR,2U4GBNA0YmkvCmIao1jSik4oZSUnd8bzeMgA1H7GSnDkUaEJqNxb66ia2M1H60rJ,1878.0,xiaojunkai,2.0,476683.5,471632.5,True,1
1830,5809,M416,XFHeiGod,1.0,588221.6,211129.1,ERANGEL,2U4GBNA0Ymn4I819TCOZUmrkpodZU34WCjWNhi7ynOl4mSWUtxFC8Gi1FEtUufT-,1876.0,T-bagggg,2.0,592167.9,214429.4,True,1
1837,3687,SCAR-L,SeregaSwag,1.0,289737.4,589496.6,MIRAMAR,2U4GBNA0Yml0XDizIVK4IxDWB75tIG-FBMzmyEP_fBUj1UAIBJN9VCG7X49NaJ0W,1824.0,HotNoods,2.0,290500.0,589649.6,True,1
1878,6757,M16A4,Duan-le,1.0,633123.3,367674.2,ERANGEL,2U4GBNA0YmkO4k9nFC5ZMd_WV4qDWvnz6FLVFJ_qoN5ss38_nDM_HWzEWa3-Hkvg,1953.0,MirrorMaze,2.0,633145.3,369697.9,True,1
1884,147,Mk14,651651646,1.0,411564.1,350015.9,MIRAMAR,2U4GBNA0Yml3HEnAb5HSfMbBgZnnKeFS1Nyxgm5XowlAkEtb1WUYEdfEOe_bXvR0,1238.0,longhhfff,2.0,501248.5,335640.2,True,1
1890,4853,SCAR-L,Nocurtain,1.0,134084.3,331378.3,ERANGEL,2U4GBNA0YmlB0q86A8fUl8JfLjpaTo2OMObs4sDXSwl_z8yF6lNkr8gfwHqYnJQJ,1679.0,Nox_Kaan,2.0,132228.0,340326.6,True,1
1899,2658,Down and Out,kromaks,5.0,571412.1,347757.3,ERANGEL,2U4GBNA0Ymn4K68JYbLzcXh5S2aPoQe1oJzDsd_lyNUfRddt9kkCPLgme76kr_A9,1675.0,Buckslayer,2.0,551367.0,336537.7,True,1
2008,3400,Down and Out,wqc1725054,1.0,514202.6,497808.8,ERANGEL,2U4GBNA0YmkpfMEoYocYZGCkLIZxf_dSclL_3Uka55GkexzQT_BfyFFNs0d766rH,1905.0,BirdCorn,2.0,513906.2,497378.6,True,1
2068,1784,Down and Out,muteki_ninja,4.0,627670.1,608087.9,ERANGEL,2U4GBNA0YmkAe0g5_7ZyvVWZ4D_2Tmvl41s103OU7KHR-uOozlEs7lUSiNOVk9qD,2184.0,ChickenCao,2.0,628003.6,607919.7,True,1
2072,6026,M416,EVEN1982,1.0,347561.1,661774.9,ERANGEL,2U4GBNA0YmkjIvgdQAAyeZk0ZnYEpNtpJODztcsiH83QHqhfGTN1jSPP1lzCb4Jv,1818.0,chrissale,2.0,336129.8,657397.2,True,1
2109,6035,Grenade,nimiei,10.0,468256.2,646580.4,ERANGEL,2U4GBNA0YmkjIvgdQAAyeZk0ZnYEpNtpJODztcsiH83QHqhfGTN1jSPP1lzCb4Jv,315.0,christlian,2.0,464833.3,650768.4,True,1
2155,6920,Down and Out,Sz32,1.0,539099.3,235970.5,ERANGEL,2U4GBNA0YmmIxbJL37qDrRDRIz-J5zFYcAFZi9szltH9Eg0-FNv_70KrOtW4aMxD,2058.0,LA-Survive,2.0,537863.6,235477.9,True,1
2162,4585,M16A4,EyeK0n,1.0,602473.8,263391.3,ERANGEL,2U4GBNA0YmnI8sBpN1d7iOn4qfI2KPi85kLkMnaj_eVTWN4euC5RcLf96wRQlKOI,1860.0,zLeoo,2.0,603728.9,252787.8,True,1
2202,352,Bluezone,,,,,ERANGEL,2U4GBNA0YmlxiifTmjHuCGJhLNLL-lhlH9TQh47o-9IZVJIlJDQJmYN2YbSU2_Bx,1650.0,YowyyCpone,2.0,165597.2,539061.9,True,1
2229,795,SCAR-L,BlindUberDriver,1.0,240217.7,449709.6,ERANGEL,2U4GBNA0YmmEUK5MTLyr6AfVvoPX1txbeD-jND4VXYtMmoXuatMBzW67F6i6TzwI,1966.0,C54785169,2.0,239996.9,449845.6,True,1
2247,2010,M416,HUAZIDIEDIE,1.0,566968.1,244333.2,MIRAMAR,2U4GBNA0YmmGH1I8WFVMw7sv8wSx0Ln8CnZ74JHPXcRUu4y8429D-2bOMw41cYZ5,1148.0,diggy008,2.0,568637.3,244456.2,True,1
2258,1001,Grenade,Dongkq,1.0,486950.2,595540.6,ERANGEL,2U4GBNA0Ymkoxr2BYKn-rNaRztbwuI_vg9q1ls65L42rey10uL1Qw2gSP72IZPMk,1747.0,aibenben,2.0,493347.8,595870.4,True,1
2261,4731,Down and Out,AresForGodofwar,23.0,399063.5,286283.6,ERANGEL,2U4GBNA0Ymm0xKIivZQMUCPNnY06OPootjDdM0RtAL61KsDLeIIm8bS2hbaOZfZd,255.0,NongkuaNi,2.0,399912.3,285589.8,True,1
2345,167,Mk14,651651646,1.0,427982.3,352783.3,MIRAMAR,2U4GBNA0Yml3HEnAb5HSfMbBgZnnKeFS1Nyxgm5XowlAkEtb1WUYEdfEOe_bXvR0,1287.0,CHniawansui,2.0,497025.2,338898.2,True,1
2354,2668,Kar98k,Revosun045,3.0,550889.2,363251.9,ERANGEL,2U4GBNA0Ymn4K68JYbLzcXh5S2aPoQe1oJzDsd_lyNUfRddt9kkCPLgme76kr_A9,1671.0,Winstim,2.0,551037.2,336585.0,True,1
2371,3568,Down and Out,Hollipeter,3.0,342033.6,161135.6,ERANGEL,2U4GBNA0Ymn_5YOdbJcWM3qIjn0S_Z3W84sUWo36iLxk6As1P0O7BB5It8tPY8Ss,1745.0,Plixforge,2.0,342342.8,153112.1,True,1
2386,764,Mini 14,BlindUberDriver,1.0,239802.4,449472.9,ERANGEL,2U4GBNA0YmmEUK5MTLyr6AfVvoPX1txbeD-jND4VXYtMmoXuatMBzW67F6i6TzwI,1969.0,Raulyan,2.0,238729.5,450133.9,True,1
2390,5832,SCAR-L,zZz7788,1.0,616561.1,258356.7,ERANGEL,2U4GBNA0Ymn4I819TCOZUmrkpodZU34WCjWNhi7ynOl4mSWUtxFC8Gi1FEtUufT-,1355.0,Liqi-,2.0,596583.4,250024.9,True,1
2457,1442,SCAR-L,Pn_King,1.0,122676.3,404156.1,ERANGEL,2U4GBNA0YmltdlEYw5AmXmDdUW5i2vyhBrlQeNFBgmYyzDpsc787A_hENiNlx6I5,1427.0,JXJWFHN,2.0,167343.0,379584.3,True,1
2542,5280,SCAR-L,Mister_Robot,11.0,654468.7,353781.6,ERANGEL,2U4GBNA0Yml20grMM4GD62e8xWDcMhw91ITl2fbDm2AIPx37-WAHyGXsHqsEJgmU,1224.0,Saltybones12,2.0,654973.1,353742.3,True,1
2567,6999,UMP9,Pluto-Lucifer,6.0,641806.9,241421.6,MIRAMAR,2U4GBNA0Ymk1Jt6GjNIWPblco_2J6IKXz_yq5seSwKYZDaeFd2S90A1rG-cBWFKe,436.0,Ezeros,2.0,642037.2,241325.3,True,1
2570,4327,Kar98k,PANYINGHONH,5.0,574249.4,384863.9,ERANGEL,2U4GBNA0Yml_5G8Drb2z19mFJ0XQ3w6WRVVg1eKkzSZTmta36z3rTTyDNxT3C_WU,1700.0,Arrogance-tong,2.0,574522.4,384778.1,True,1
2577,2747,Falling,Makers_Mike,1.0,420388.1,463541.9,ERANGEL,2U4GBNA0Ymk7iBtHUx6-_dZyjrvKVPMSmiZKzhovvtZ6clOi9vMdQGJIxPEv4HO6,1874.0,Seht_,2.0,426799.3,467134.3,True,1
2622,1260,M416,BecomeSupreme,1.0,155990.5,380597.6,ERANGEL,2U4GBNA0Ymlc7rVx0xWH7j4xfGd-zpHO2dN9AJ11-bFd9E-Jkmoa_BTnfqg_aOHQ,1970.0,aka_ghost9,2.0,155559.7,383385.0,True,1
2655,329,Bluezone,,,,,ERANGEL,2U4GBNA0YmlxiifTmjHuCGJhLNLL-lhlH9TQh47o-9IZVJIlJDQJmYN2YbSU2_Bx,1767.0,lXlFan,2.0,162292.2,513805.1,True,1
2770,38,Bluezone,IdiotWHJ,6.0,557525.2,304430.7,MIRAMAR,2U4GBNA0YmnLSqvEycnTjo-KT000vfUnhSA2vfVhVPe1QBwCTNTBJ5B_1Ocel6nY,1518.0,FantasticBoys,2.0,551213.4,319105.2,True,1
2775,359,Down and Out,Illmy0111,1.0,174635.6,510872.2,ERANGEL,2U4GBNA0YmlxiifTmjHuCGJhLNLL-lhlH9TQh47o-9IZVJIlJDQJmYN2YbSU2_Bx,1640.0,fairyGIGI,2.0,166706.2,538946.3,True,1
2791,958,M416,rescue_9,1.0,729713.8,411470.3,ERANGEL,2U4GBNA0YmnXxPYMxq8uh3IZ_R74uPmFVfhHlxf6M3-PzRx-7ICrxPIahHemHE6H,1956.0,2913shijiebuhuai,2.0,731065.3,414360.8,True,1
2841,642,Down and Out,ConnorDaWhiteBoy,1.0,698468.9,254960.2,ERANGEL,2U4GBNA0YmnZDcOwRYKzxWhbr5Jaxxjhp0cRvsI40iOQJdZyGBJb_mcf0ZjzNRGD,1827.0,Tomwillbetom,2.0,682834.8,259266.8,True,1
2878,2976,M416,Kelvin-X,1.0,551177.6,75119.87,ERANGEL,2U4GBNA0YmmZQ2J9Yb52vKPLwbhBwawIljBpPRhTi_79yTam0v7xmhrScrvgk6Jz,1785.0,RunFreek,2.0,551888.8,74709.94,True,1
2902,2669,M249,YuFangood,1.0,546369.9,351309.8,ERANGEL,2U4GBNA0Ymn4K68JYbLzcXh5S2aPoQe1oJzDsd_lyNUfRddt9kkCPLgme76kr_A9,1864.0,websterbro56,2.0,555646.7,355464.3,True,1
2920,4267,Groza,kava11,20.0,538124.3,471427.1,ERANGEL,2U4GBNA0Ymllc_6Eh-c0jqGSW3HCKj_KixPEGv3zEg-XsZyUhbwtCWd6i-fPN7ag,1289.0,BBnoBB,2.0,538247.6,471646.1,True,1
2940,4735,M16A4,AresForGodofwar,23.0,399714.1,284391.4,ERANGEL,2U4GBNA0Ymm0xKIivZQMUCPNnY06OPootjDdM0RtAL61KsDLeIIm8bS2hbaOZfZd,265.0,CrowSalad,2.0,399492.7,284949.2,True,1
2958,1758,Bluezone,,,,,ERANGEL,2U4GBNA0YmkAe0g5_7ZyvVWZ4D_2Tmvl41s103OU7KHR-uOozlEs7lUSiNOVk9qD,2184.0,UKshorthair,2.0,628428.8,607614.9,True,1
2995,5036,M416,Surprise-M,1.0,532784.8,421716.5,MIRAMAR,2U4GBNA0YmnU2RHKXlhPQO71mPuk11VrC-gSWzsu-m9L5fsK__Ju6p3_SDIwWRHK,1873.0,Seifer258,2.0,527464.4,419629.1,True,1
3005,2019,Falling,Confused-9,3.0,546145.8,140157.4,MIRAMAR,2U4GBNA0YmmGH1I8WFVMw7sv8wSx0Ln8CnZ74JHPXcRUu4y8429D-2bOMw41cYZ5,1860.0,LTDongles,2.0,547150.1,143450.0,True,1
3009,3882,AKM,C-de-ti-0315,1.0,313659.1,132800.3,ERANGEL,2U4GBNA0YmkDstXLYHK5B7Jq1QzLWJ-HeVx4TzVSkV3lpPTNiKcc1WXBp3-XkQZp,1751.0,IamYourMailman,2.0,319329.3,129422.9,True,1
3081,1038,M416,Dongkq,1.0,485177.2,584887.2,ERANGEL,2U4GBNA0Ymkoxr2BYKn-rNaRztbwuI_vg9q1ls65L42rey10uL1Qw2gSP72IZPMk,1812.0,hualunmmd,2.0,486045.3,582008.8,True,1
3096,1792,UMP9,Chubchubbz,4.0,626024.2,606493.5,ERANGEL,2U4GBNA0YmkAe0g5_7ZyvVWZ4D_2Tmvl41s103OU7KHR-uOozlEs7lUSiNOVk9qD,1895.0,CZC1990,2.0,625366.2,607063.3,True,1
3212,1500,SCAR-L,Pn_King,1.0,107829.7,436492.8,ERANGEL,2U4GBNA0YmltdlEYw5AmXmDdUW5i2vyhBrlQeNFBgmYyzDpsc787A_hENiNlx6I5,1680.0,1475779086,2.0,138051.1,426127.1,True,1
3247,1677,AKM,Jatech111,9.0,503244.9,325952.1,ERANGEL,2U4GBNA0YmnZ4vJC-aEUY9riuYVJgtIdnp017vKbMe8pVLHPO6SzRFJO7xtISNWh,1494.0,BIG_-_QIAN,2.0,503236.9,326528.3,True,1
3248,6350,UMP9,Ricestation,1.0,655318.1,369699.8,ERANGEL,2U4GBNA0YmmNda7rFfvn-ZVSnpD4e14wBCKCdD6h2Pr5-Au61Oj4yf48-LIn2XhA,1916.0,Strawhotboy,2.0,653953.4,368687.9,True,1
3362,4321,M16A4,Mwmorial,1.0,568089.1,396054.8,ERANGEL,2U4GBNA0Yml_5G8Drb2z19mFJ0XQ3w6WRVVg1eKkzSZTmta36z3rTTyDNxT3C_WU,1887.0,lv_lao_ge,2.0,567915.9,389149.2,True,1
3408,5527,M16A4,Sweggles102,1.0,304307.0,298144.2,ERANGEL,2U4GBNA0YmnTdCV0yjZ9FJT5KTQXu_J-mDD7JVI77_afKJCjBGNcQH8tMVM5wf0m,1857.0,KingJeffery,2.0,309267.0,311204.5,True,1
3486,1936,SCAR-L,makexun,1.0,394643.9,137444.7,ERANGEL,2U4GBNA0YmkJt4dyUUT94MOYESuKm2MQu1eh08EFdbeeGClsVzdp38FeLRv2PSVm,1924.0,BBC1901,2.0,395013.9,137460.9,True,1
3488,4264,Groza,kava11,20.0,539239.6,470667.9,ERANGEL,2U4GBNA0Ymllc_6Eh-c0jqGSW3HCKj_KixPEGv3zEg-XsZyUhbwtCWd6i-fPN7ag,1275.0,Nimust,2.0,537893.7,471734.3,True,1
3522,6059,Down and Out,Nicolas6Neng,1.0,641143.5,197712.5,ERANGEL,2U4GBNA0Yml6y7HS5CbbbGNCVA8W-Eq9itS5ANu7VhQLdw36LQo9OXoLiY9pzymO,1843.0,Autopay,2.0,641684.6,194129.1,True,1
3601,5730,SKS,Nilookat,1.0,105357.2,380079.3,MIRAMAR,2U4GBNA0Ymnp7WwAto9g2slLUaiBKUFaPfS2cP7mxfvB4zSMybPXSCofOEAgrxRI,1807.0,AsTW,2.0,105530.5,373952.6,True,1
3643,162,Mk14,651651646,1.0,409258.6,349923.0,MIRAMAR,2U4GBNA0Yml3HEnAb5HSfMbBgZnnKeFS1Nyxgm5XowlAkEtb1WUYEdfEOe_bXvR0,1231.0,Arthur_qingge,2.0,490124.9,345535.1,True,1
3705,2369,M16A4,KoyPuppy,1.0,245951.7,163856.6,ERANGEL,2U4GBNA0YmlJIox1N8PDEThbIPyVEba0Ywk6cuKmN66lbkfGJorIBmPhthkJwbX0,1992.0,40BURGER,2.0,244757.2,163100.4,True,1
3709,4778,Grenade,fary2,1.0,362489.1,615673.0,ERANGEL,2U4GBNA0YmnNaxE1IF0R8b5H-SePLyeMyyIrtEPySH7IYKSofTRFs441FMT93y3K,1569.0,TLHHoang,2.0,361075.7,608907.7,True,1
3712,951,Kar98k,shazhougongjin,1.0,725959.8,412450.9,ERANGEL,2U4GBNA0YmnXxPYMxq8uh3IZ_R74uPmFVfhHlxf6M3-PzRx-7ICrxPIahHemHE6H,1625.0,SeanYLH99,2.0,726665.3,422532.1,True,1
3793,1094,M416,Toronto_Edision,1.0,319130.5,509496.2,ERANGEL,2U4GBNA0YmnmvI29GR080nJ5U4oZyrJ2kJqz7BeQrwDdx68BbncOZ_5DnysRn2Ca,1767.0,ImSakamoto,2.0,321437.3,512725.9,True,1
3863,1320,Bluezone,,,,,ERANGEL,2U4GBNA0YmnMiL8FxzK-xRalmDs8__VvvNzmntjlIzBi0DttiOYQ5ltAx4LN3Q0q,1884.0,Quziye,2.0,203577.9,503262.1,True,1
3949,6110,SCAR-L,Nicolas6Neng,1.0,640744.8,197079.8,ERANGEL,2U4GBNA0Yml6y7HS5CbbbGNCVA8W-Eq9itS5ANu7VhQLdw36LQo9OXoLiY9pzymO,1843.0,Dorisyoyoyo,2.0,642118.8,193744.2,True,1
4018,3557,Mini 14,PTY-REY,1.0,326808.9,156864.8,ERANGEL,2U4GBNA0Ymn_5YOdbJcWM3qIjn0S_Z3W84sUWo36iLxk6As1P0O7BB5It8tPY8Ss,1948.0,Riotheaven,2.0,334843.4,158446.3,True,1
4024,4554,SCAR-L,JDXF-LaoM,1.0,199461.5,555778.0,MIRAMAR,2U4GBNA0Ymmc9iQSXPdXmsArOhTIR61JwcNH4n6Z2nEAsPYw5VWoAVcAEkqWJV2_,1786.0,Bangbangchick,2.0,206733.4,545583.6,True,1
4032,3395,Bluezone,,,,,ERANGEL,2U4GBNA0YmkpfMEoYocYZGCkLIZxf_dSclL_3Uka55GkexzQT_BfyFFNs0d766rH,1757.0,Lordgog,2.0,502539.6,470788.9,True,1
4129,1623,M416,Warsna,1.0,511050.6,356793.3,ERANGEL,2U4GBNA0YmnZ4vJC-aEUY9riuYVJgtIdnp017vKbMe8pVLHPO6SzRFJO7xtISNWh,1964.0,Brocolisa,2.0,510936.7,353066.9,True,1
4132,5594,Grenade,dabaozi1,1.0,379181.9,313730.4,ERANGEL,2U4GBNA0YmnIkC2agUfbPkAgjSdKzB4peHEfhtUOmLKAc8G9lzMoBMtZ33Q5p9ll,1806.0,SBF_Trigger,2.0,383922.6,316400.1,True,1
4144,5474,Down and Out,pkx555pkx,1.0,461319.7,546746.1,ERANGEL,2U4GBNA0YmkjhaUwplfoVLqul92VDhKXl5hULS1OLwDPJPtzmWvIE1EcsGKKaBhu,1883.0,PPoison_,2.0,464003.9,552207.6,True,1
4211,1545,Down and Out,,,,,ERANGEL,2U4GBNA0YmloUGIumcTO14gr8rgZVexJO_xpcOj0xMlmhrLlJjOYL4g75Nlf53Hw,1962.0,shigeno21,2.0,243606.7,485961.2,True,1
4240,46,M416,DouYuTV-SeaL,1.0,567049.2,290710.9,MIRAMAR,2U4GBNA0YmnLSqvEycnTjo-KT000vfUnhSA2vfVhVPe1QBwCTNTBJ5B_1Ocel6nY,1966.0,TedHQW,2.0,564992.1,290137.1,True,1
4246,6622,SKS,koenig121,1.0,342335.5,674257.7,ERANGEL,2U4GBNA0YmklPmDKT1cDXoaHMN1y1wAsoa0LpWJvq0ECYyIqfcku0GqbF9TXMaiX,1835.0,MadBluntMan563,2.0,332425.9,673400.6,True,1
4255,6001,Down and Out,EVEN1982,1.0,346470.4,660386.1,ERANGEL,2U4GBNA0YmkjIvgdQAAyeZk0ZnYEpNtpJODztcsiH83QHqhfGTN1jSPP1lzCb4Jv,1878.0,TexasPistol,2.0,334838.4,659182.4,True,1
4299,6464,SCAR-L,1rawnic,9.0,268659.9,224305.8,ERANGEL,2U4GBNA0YmlMqUy26Nx8Rmm3UjhNVwg6rFwjs4FGnjp83bGmwSELWoDpqkrt6FPZ,1490.0,Lunatoris,2.0,268659.4,225169.7,True,1
4445,433,Down and Out,VSUPciwei,1.0,396289.3,308352.7,ERANGEL,2U4GBNA0YmmLlZbT02zMNt2JlWQ2eYFKRG02TGemIK1RM2eWZoZ5_MZmkLiA6Xuu,1864.0,Ursdad666,2.0,394014.9,303887.9,True,1
4473,2157,Bluezone,,,,,ERANGEL,2U4GBNA0YmkRFnEnlar5FbJrM9fzxmAkpXnhkbdlw89MM6k2sU8rq4IflvUQopVZ,1875.0,fyrentattoo,2.0,527311.6,673847.4,True,1
4492,3795,Down and Out,,,,,ERANGEL,2U4GBNA0Ymmqi6D7r12UG8ati2jqy4CV05j9y-WqN6DaTb3ViX7zAkhxTGYUWzF3,724.0,YangBaBa9084,2.0,398803.9,386237.1,True,1
4525,223,Bluezone,,,,,ERANGEL,2U4GBNA0YmnRe95wOy7kuweIkuZo5Roa0WjNZsgboi2gzzznOC6Y8whI5V4TH5Qm,1867.0,Spacemode,2.0,503327.2,426248.7,True,1
4541,4599,Down and Out,EyeK0n,1.0,604202.6,266134.0,ERANGEL,2U4GBNA0YmnI8sBpN1d7iOn4qfI2KPi85kLkMnaj_eVTWN4euC5RcLf96wRQlKOI,1860.0,mignoso,2.0,596290.4,260322.6,True,1
4588,5516,Down and Out,Sweggles102,1.0,304242.7,297933.8,ERANGEL,2U4GBNA0YmnTdCV0yjZ9FJT5KTQXu_J-mDD7JVI77_afKJCjBGNcQH8tMVM5wf0m,1807.0,MisterNoOne,2.0,315792.2,309601.8,True,1
4619,1977,SCAR-L,RX-JIANG,1.0,394900.1,136397.1,ERANGEL,2U4GBNA0YmkJt4dyUUT94MOYESuKm2MQu1eh08EFdbeeGClsVzdp38FeLRv2PSVm,1886.0,edsaEDSA,2.0,395647.9,136825.7,True,1
4642,3570,Mini 14,NickOjiiSan,3.0,344975.4,125946.7,ERANGEL,2U4GBNA0Ymn_5YOdbJcWM3qIjn0S_Z3W84sUWo36iLxk6As1P0O7BB5It8tPY8Ss,1386.0,gjbro22,2.0,336925.9,121316.8,True,1
4649,1399,Down and Out,Hiten1215,3.0,142862.0,450664.9,ERANGEL,2U4GBNA0YmnIQQesqcucTHDFVqlXEAUiUHhJp3yec6c0hzQHABUNJuJZ21mrZjZn,1967.0,OMG_Ye,2.0,142304.1,450233.5,True,1
4677,4090,Down and Out,YanRuyu-,1.0,291734.3,236120.5,ERANGEL,2U4GBNA0YmnUX8tPU61HZRcRoGWE48u9_mAhu4VmmphV3S-xkb4HgExWgoOQMIH8,1877.0,tltiger,2.0,297610.8,236603.0,True,1
4702,2852,M416,NAIGEN,1.0,268276.0,306640.9,ERANGEL,2U4GBNA0Ymk9oWjnPmYXWVwfOe3D-owgLcMqizYDazwhqu6tKBLK_OFrxSLqNWwI,1911.0,Chenxin9,2.0,272015.8,307686.3,True,1
4772,5387,SCAR-L,FlynnBigBalls,1.0,434650.6,166530.6,ERANGEL,2U4GBNA0YmnNOKktVk9Qv5ZxUnnxXk1-kUI03yF8vbYyzdTaiA36TPjP5mJ01mkE,1882.0,Jamesnadu007,2.0,433276.4,161447.3,True,1
4823,391,AKM,VSUPciwei,1.0,396662.7,307742.9,ERANGEL,2U4GBNA0YmmLlZbT02zMNt2JlWQ2eYFKRG02TGemIK1RM2eWZoZ5_MZmkLiA6Xuu,1864.0,Babo-ABC,2.0,396531.8,304991.7,True,1
4855,2485,SKS,Mr--666,1.0,275262.9,477020.1,ERANGEL,2U4GBNA0Yml5t9opndGwDeKjNoARfVrCVQIWxSji9WqktJfXvvA7eZryQpYWuuxM,1824.0,zyc_xxx,2.0,274469.9,485502.2,True,1
4866,6349,M16A4,Im-Gnaes,1.0,646396.2,380237.3,ERANGEL,2U4GBNA0YmmNda7rFfvn-ZVSnpD4e14wBCKCdD6h2Pr5-Au61Oj4yf48-LIn2XhA,1817.0,Bosy520,2.0,646708.2,377178.5,True,1
